left_index,right_index,left_id,right_id,cosine_similarity,same_action_type,source_overlap,name_jaccard,mutual_top_k,adaptive_floor,high_match,evidence_match,lexical_match,action_match,connect,reason
0,1,T2-000001,T2-000002,0.925206,False,True,0.375,False,0.91,True,False,False,False,True,['MUTUAL_TOPK_HIGH_COSINE']
0,2,T2-000001,T2-000003,0.90132,True,True,0.181818,False,0.91,False,False,False,True,True,['ACTION_AND_NAME_EVIDENCE']
0,3,T2-000001,T2-000004,0.927588,True,True,0.428571,False,0.91,True,False,True,True,True,"['MUTUAL_TOPK_HIGH_COSINE', 'LEXICAL_NAME_OVERLAP', 'ACTION_AND_NAME_EVIDENCE']"
0,4,T2-000001,T2-000005,0.923833,False,True,0.2,False,0.91,True,False,False,False,True,['MUTUAL_TOPK_HIGH_COSINE']
0,5,T2-000001,T2-000006,0.91575,True,True,0.222222,False,0.91,False,False,False,True,True,['ACTION_AND_NAME_EVIDENCE']
0,7,T2-000001,T2-000008,0.930687,True,False,0.2,False,0.91,True,False,False,True,True,"['MUTUAL_TOPK_HIGH_COSINE', 'ACTION_AND_NAME_EVIDENCE']"
0,10,T2-000001,T2-000011,0.92485,False,False,0.222222,False,0.91,True,False,False,False,True,['MUTUAL_TOPK_HIGH_COSINE']
0,19,T2-000001,T2-000020,0.929952,False,False,0.222222,False,0.91,True,False,False,False,True,['MUTUAL_TOPK_HIGH_COSINE']
0,20,T2-000001,T2-000021,0.925182,False,False,0.222222,False,0.91,True,False,False,False,True,['MUTUAL_TOPK_HIGH_COSINE']
0,21,T2-000001,T2-000022,0.922627,False,False,0.222222,False,0.91,True,False,False,False,True,['MUTUAL_TOPK_HIGH_COSINE']
0,26,T2-000001,T2-000027,0.921577,False,False,0.285714,False,0.91,True,False,False,False,True,['MUTUAL_TOPK_HIGH_COSINE']
0,27,T2-000001,T2-000028,0.921935,True,False,0.25,False,0.91,True,False,False,True,True,"['MUTUAL_TOPK_HIGH_COSINE', 'ACTION_AND_NAME_EVIDENCE']"
0,28,T2-000001,T2-000029,0.92593,True,False,0.142857,False,0.91,True,False,False,True,True,"['MUTUAL_TOPK_HIGH_COSINE', 'ACTION_AND_NAME_EVIDENCE']"
0,29,T2-000001,T2-000030,0.92261,True,False,0.222222,False,0.91,True,False,False,True,True,"['MUTUAL_TOPK_HIGH_COSINE', 'ACTION_AND_NAME_EVIDENCE']"
0,30,T2-000001,T2-000031,0.929683,False,False,0.25,False,0.91,True,False,False,False,True,['MUTUAL_TOPK_HIGH_COSINE']
0,31,T2-000001,T2-000032,0.920149,False,False,0.222222,False,0.91,True,False,False,False,True,['MUTUAL_TOPK_HIGH_COSINE']
0,32,T2-000001,T2-000033,0.916916,True,False,0.222222,False,0.91,False,False,False,True,True,['ACTION_AND_NAME_EVIDENCE']
0,33,T2-000001,T2-000034,0.898238,True,False,0.25,False,0.91,False,False,False,True,True,['ACTION_AND_NAME_EVIDENCE']
0,34,T2-000001,T2-000035,0.919704,True,False,0.222222,False,0.91,False,False,False,True,True,['ACTION_AND_NAME_EVIDENCE']
1,3,T2-000002,T2-000004,0.931077,False,True,0.375,True,0.91,True,True,False,False,True,"['MUTUAL_TOPK_HIGH_COSINE', 'MUTUAL_TOPK_ADAPTIVE_WITH_EVIDENCE']"
1,7,T2-000002,T2-000008,0.920961,False,False,0.181818,False,0.91,True,False,False,False,True,['MUTUAL_TOPK_HIGH_COSINE']
1,19,T2-000002,T2-000020,0.952546,False,False,0.2,True,0.91,True,True,False,False,True,"['MUTUAL_TOPK_HIGH_COSINE', 'MUTUAL_TOPK_ADAPTIVE_WITH_EVIDENCE']"
1,20,T2-000002,T2-000021,0.929975,False,False,0.2,False,0.91,True,False,False,False,True,['MUTUAL_TOPK_HIGH_COSINE']
1,22,T2-000002,T2-000023,0.935282,False,False,0.2,True,0.91,True,True,False,False,True,"['MUTUAL_TOPK_HIGH_COSINE', 'MUTUAL_TOPK_ADAPTIVE_WITH_EVIDENCE']"
1,24,T2-000002,T2-000025,0.933237,False,False,0.2,True,0.91,True,True,False,False,True,"['MUTUAL_TOPK_HIGH_COSINE', 'MUTUAL_TOPK_ADAPTIVE_WITH_EVIDENCE']"
1,26,T2-000002,T2-000027,0.939844,False,False,0.25,True,0.91,True,True,False,False,True,"['MUTUAL_TOPK_HIGH_COSINE', 'MUTUAL_TOPK_ADAPTIVE_WITH_EVIDENCE']"
1,30,T2-000002,T2-000031,0.923117,False,False,0.222222,False,0.91,True,False,False,False,True,['MUTUAL_TOPK_HIGH_COSINE']
2,3,T2-000003,T2-000004,0.904561,True,True,0.181818,False,0.91,False,False,False,True,True,['ACTION_AND_NAME_EVIDENCE']
2,5,T2-000003,T2-000006,0.936369,True,True,0.4,True,0.91,True,True,True,True,True,"['MUTUAL_TOPK_HIGH_COSINE', 'MUTUAL_TOPK_ADAPTIVE_WITH_EVIDENCE', 'LEXICAL_NAME_OVERLAP', 'ACTION_AND_NAME_EVIDENCE']"
2,7,T2-000003,T2-000008,0.922956,True,False,0.25,False,0.91,True,False,False,True,True,"['MUTUAL_TOPK_HIGH_COSINE', 'ACTION_AND_NAME_EVIDENCE']"
2,8,T2-000003,T2-000009,0.887189,True,False,0.166667,False,0.91,False,False,False,True,True,['ACTION_AND_NAME_EVIDENCE']
2,9,T2-000003,T2-000010,0.889005,True,False,0.166667,False,0.91,False,False,False,True,True,['ACTION_AND_NAME_EVIDENCE']
2,19,T2-000003,T2-000020,0.925307,False,False,0.166667,False,0.91,True,False,False,False,True,['MUTUAL_TOPK_HIGH_COSINE']
2,26,T2-000003,T2-000027,0.922782,False,False,0.333333,False,0.91,True,False,False,False,True,['MUTUAL_TOPK_HIGH_COSINE']
2,27,T2-000003,T2-000028,0.923314,True,False,0.444444,False,0.91,True,False,True,True,True,"['MUTUAL_TOPK_HIGH_COSINE', 'LEXICAL_NAME_OVERLAP', 'ACTION_AND_NAME_EVIDENCE']"
2,29,T2-000003,T2-000030,0.914956,True,False,0.166667,False,0.91,False,False,False,True,True,['ACTION_AND_NAME_EVIDENCE']
2,32,T2-000003,T2-000033,0.94974,True,False,0.4,True,0.91,True,True,True,True,True,"['MUTUAL_TOPK_HIGH_COSINE', 'MUTUAL_TOPK_ADAPTIVE_WITH_EVIDENCE', 'LEXICAL_NAME_OVERLAP', 'ACTION_AND_NAME_EVIDENCE']"
2,33,T2-000003,T2-000034,0.920488,True,False,0.181818,False,0.91,True,False,False,True,True,"['MUTUAL_TOPK_HIGH_COSINE', 'ACTION_AND_NAME_EVIDENCE']"
2,34,T2-000003,T2-000035,0.904552,True,False,0.166667,False,0.91,False,False,False,True,True,['ACTION_AND_NAME_EVIDENCE']
3,4,T2-000004,T2-000005,0.944837,False,True,0.2,True,0.91,True,True,False,False,True,"['MUTUAL_TOPK_HIGH_COSINE', 'MUTUAL_TOPK_ADAPTIVE_WITH_EVIDENCE']"
3,5,T2-000004,T2-000006,0.906153,True,True,0.222222,False,0.91,False,False,False,True,True,['ACTION_AND_NAME_EVIDENCE']
3,6,T2-000004,T2-000007,0.921048,False,True,0.25,False,0.91,True,False,False,False,True,['MUTUAL_TOPK_HIGH_COSINE']
3,7,T2-000004,T2-000008,0.920278,True,False,0.2,False,0.91,True,False,False,True,True,"['MUTUAL_TOPK_HIGH_COSINE', 'ACTION_AND_NAME_EVIDENCE']"
3,10,T2-000004,T2-000011,0.936022,False,False,0.222222,False,0.91,True,False,False,False,True,['MUTUAL_TOPK_HIGH_COSINE']
3,18,T2-000004,T2-000019,0.945104,False,False,0.2,True,0.91,True,True,False,False,True,"['MUTUAL_TOPK_HIGH_COSINE', 'MUTUAL_TOPK_ADAPTIVE_WITH_EVIDENCE']"
3,19,T2-000004,T2-000020,0.929987,False,False,0.222222,False,0.91,True,False,False,False,True,['MUTUAL_TOPK_HIGH_COSINE']
3,26,T2-000004,T2-000027,0.920986,False,False,0.285714,False,0.91,True,False,False,False,True,['MUTUAL_TOPK_HIGH_COSINE']
3,27,T2-000004,T2-000028,0.915805,True,False,0.25,False,0.91,False,False,False,True,True,['ACTION_AND_NAME_EVIDENCE']
3,28,T2-000004,T2-000029,0.915671,True,False,0.142857,False,0.91,False,False,False,True,True,['ACTION_AND_NAME_EVIDENCE']
3,29,T2-000004,T2-000030,0.913648,True,False,0.222222,False,0.91,False,False,False,True,True,['ACTION_AND_NAME_EVIDENCE']
3,30,T2-000004,T2-000031,0.924016,False,False,0.25,False,0.91,True,False,False,False,True,['MUTUAL_TOPK_HIGH_COSINE']
3,32,T2-000004,T2-000033,0.908426,True,False,0.222222,False,0.91,False,False,False,True,True,['ACTION_AND_NAME_EVIDENCE']
3,33,T2-000004,T2-000034,0.907755,True,False,0.25,False,0.91,False,False,False,True,True,['ACTION_AND_NAME_EVIDENCE']
3,34,T2-000004,T2-000035,0.921696,True,False,0.222222,False,0.91,True,False,False,True,True,"['MUTUAL_TOPK_HIGH_COSINE', 'ACTION_AND_NAME_EVIDENCE']"
3,44,T2-000004,T2-000045,0.879154,True,False,0.125,False,0.91,False,False,False,True,True,['ACTION_AND_NAME_EVIDENCE']
4,6,T2-000005,T2-000007,0.928101,False,True,0.2,False,0.91,True,False,False,False,True,['MUTUAL_TOPK_HIGH_COSINE']
4,7,T2-000005,T2-000008,0.92496,False,False,0.272727,False,0.91,True,False,False,False,True,['MUTUAL_TOPK_HIGH_COSINE']
4,10,T2-000005,T2-000011,0.953859,False,False,0.3,True,0.91,True,True,False,False,True,"['MUTUAL_TOPK_HIGH_COSINE', 'MUTUAL_TOPK_ADAPTIVE_WITH_EVIDENCE']"
4,14,T2-000005,T2-000015,0.925883,False,False,0.181818,False,0.91,True,False,False,False,True,['MUTUAL_TOPK_HIGH_COSINE']
4,17,T2-000005,T2-000018,0.902677,True,False,0.2,False,0.91,False,False,False,True,True,['ACTION_AND_NAME_EVIDENCE']
4,18,T2-000005,T2-000019,0.97008,True,False,0.555556,True,0.91,True,True,True,True,True,"['MUTUAL_TOPK_HIGH_COSINE', 'MUTUAL_TOPK_ADAPTIVE_WITH_EVIDENCE', 'LEXICAL_NAME_OVERLAP', 'ACTION_AND_NAME_EVIDENCE']"
4,21,T2-000005,T2-000022,0.928597,False,False,0.181818,False,0.91,True,False,False,False,True,['MUTUAL_TOPK_HIGH_COSINE']
4,27,T2-000005,T2-000028,0.922989,False,False,0.2,False,0.91,True,False,False,False,True,['MUTUAL_TOPK_HIGH_COSINE']
4,28,T2-000005,T2-000029,0.948756,False,False,0.428571,True,0.91,True,True,True,False,True,"['MUTUAL_TOPK_HIGH_COSINE', 'MUTUAL_TOPK_ADAPTIVE_WITH_EVIDENCE', 'LEXICAL_NAME_OVERLAP']"
4,29,T2-000005,T2-000030,0.920192,False,False,0.181818,False,0.91,True,False,False,False,True,['MUTUAL_TOPK_HIGH_COSINE']
4,30,T2-000005,T2-000031,0.941463,False,False,0.2,True,0.91,True,True,False,False,True,"['MUTUAL_TOPK_HIGH_COSINE', 'MUTUAL_TOPK_ADAPTIVE_WITH_EVIDENCE']"
4,31,T2-000005,T2-000032,0.924281,False,False,0.181818,False,0.91,True,False,False,False,True,['MUTUAL_TOPK_HIGH_COSINE']
4,34,T2-000005,T2-000035,0.931541,False,False,0.181818,False,0.91,True,False,False,False,True,['MUTUAL_TOPK_HIGH_COSINE']
4,47,T2-000005,T2-000048,0.883498,True,False,0.153846,False,0.91,False,False,False,True,True,['ACTION_AND_NAME_EVIDENCE']
5,7,T2-000006,T2-000008,0.933544,True,False,0.3,True,0.91,True,True,False,True,True,"['MUTUAL_TOPK_HIGH_COSINE', 'MUTUAL_TOPK_ADAPTIVE_WITH_EVIDENCE', 'ACTION_AND_NAME_EVIDENCE']"
5,8,T2-000006,T2-000009,0.900477,True,False,0.2,False,0.91,False,False,False,True,True,['ACTION_AND_NAME_EVIDENCE']
5,9,T2-000006,T2-000010,0.89412,True,False,0.2,False,0.91,False,False,False,True,True,['ACTION_AND_NAME_EVIDENCE']
5,26,T2-000006,T2-000027,0.927531,False,False,0.428571,False,0.91,True,False,True,False,True,"['MUTUAL_TOPK_HIGH_COSINE', 'LEXICAL_NAME_OVERLAP']"
5,27,T2-000006,T2-000028,0.956087,True,False,0.571429,True,0.91,True,True,True,True,True,"['MUTUAL_TOPK_HIGH_COSINE', 'MUTUAL_TOPK_ADAPTIVE_WITH_EVIDENCE', 'LEXICAL_NAME_OVERLAP', 'ACTION_AND_NAME_EVIDENCE']"
5,28,T2-000006,T2-000029,0.925158,True,False,0.125,False,0.91,True,False,False,True,True,"['MUTUAL_TOPK_HIGH_COSINE', 'ACTION_AND_NAME_EVIDENCE']"
5,29,T2-000006,T2-000030,0.949358,True,False,0.333333,True,0.91,True,True,False,True,True,"['MUTUAL_TOPK_HIGH_COSINE', 'MUTUAL_TOPK_ADAPTIVE_WITH_EVIDENCE', 'ACTION_AND_NAME_EVIDENCE']"
5,30,T2-000006,T2-000031,0.929249,False,False,0.222222,False,0.91,True,False,False,False,True,['MUTUAL_TOPK_HIGH_COSINE']
5,32,T2-000006,T2-000033,0.952257,True,False,0.5,True,0.91,True,True,True,True,True,"['MUTUAL_TOPK_HIGH_COSINE', 'MUTUAL_TOPK_ADAPTIVE_WITH_EVIDENCE', 'LEXICAL_NAME_OVERLAP', 'ACTION_AND_NAME_EVIDENCE']"
5,33,T2-000006,T2-000034,0.912514,True,False,0.222222,False,0.91,False,False,False,True,True,['ACTION_AND_NAME_EVIDENCE']
5,34,T2-000006,T2-000035,0.926289,True,False,0.2,False,0.91,True,False,False,True,True,"['MUTUAL_TOPK_HIGH_COSINE', 'ACTION_AND_NAME_EVIDENCE']"
5,38,T2-000006,T2-000039,0.905682,True,False,0.153846,False,0.91,False,False,False,True,True,['ACTION_AND_NAME_EVIDENCE']
5,84,T2-000006,T2-000085,0.884531,True,False,0.153846,False,0.91,False,False,False,True,True,['ACTION_AND_NAME_EVIDENCE']
6,10,T2-000007,T2-000011,0.966799,True,False,0.571429,True,0.91,True,True,True,True,True,"['MUTUAL_TOPK_HIGH_COSINE', 'MUTUAL_TOPK_ADAPTIVE_WITH_EVIDENCE', 'LEXICAL_NAME_OVERLAP', 'ACTION_AND_NAME_EVIDENCE']"
6,14,T2-000007,T2-000015,0.939971,True,False,0.222222,True,0.91,True,True,False,True,True,"['MUTUAL_TOPK_HIGH_COSINE', 'MUTUAL_TOPK_ADAPTIVE_WITH_EVIDENCE', 'ACTION_AND_NAME_EVIDENCE']"
6,18,T2-000007,T2-000019,0.924472,False,False,0.2,False,0.91,True,False,False,False,True,['MUTUAL_TOPK_HIGH_COSINE']
6,19,T2-000007,T2-000020,0.930261,False,False,0.222222,False,0.91,True,False,False,False,True,['MUTUAL_TOPK_HIGH_COSINE']
6,26,T2-000007,T2-000027,0.923876,False,False,0.285714,False,0.91,True,False,False,False,True,['MUTUAL_TOPK_HIGH_COSINE']
6,28,T2-000007,T2-000029,0.920193,False,False,0.142857,False,0.91,True,False,False,False,True,['MUTUAL_TOPK_HIGH_COSINE']
6,29,T2-000007,T2-000030,0.928749,False,False,0.222222,False,0.91,True,False,False,False,True,['MUTUAL_TOPK_HIGH_COSINE']
6,30,T2-000007,T2-000031,0.971849,True,False,0.666667,True,0.91,True,True,True,True,True,"['MUTUAL_TOPK_HIGH_COSINE', 'MUTUAL_TOPK_ADAPTIVE_WITH_EVIDENCE', 'LEXICAL_NAME_OVERLAP', 'ACTION_AND_NAME_EVIDENCE']"
6,31,T2-000007,T2-000032,0.93119,False,False,0.222222,True,0.91,True,True,False,False,True,"['MUTUAL_TOPK_HIGH_COSINE', 'MUTUAL_TOPK_ADAPTIVE_WITH_EVIDENCE']"
6,34,T2-000007,T2-000035,0.920134,False,False,0.222222,False,0.91,True,False,False,False,True,['MUTUAL_TOPK_HIGH_COSINE']
7,8,T2-000008,T2-000009,0.884021,True,True,0.181818,False,0.91,False,False,False,True,True,['ACTION_AND_NAME_EVIDENCE']
7,10,T2-000008,T2-000011,0.921876,False,True,0.181818,False,0.91,True,False,False,False,True,['MUTUAL_TOPK_HIGH_COSINE']
7,19,T2-000008,T2-000020,0.928154,False,False,0.181818,False,0.91,True,False,False,False,True,['MUTUAL_TOPK_HIGH_COSINE']
7,24,T2-000008,T2-000025,0.931473,False,False,0.3,True,0.91,True,True,False,False,True,"['MUTUAL_TOPK_HIGH_COSINE', 'MUTUAL_TOPK_ADAPTIVE_WITH_EVIDENCE']"
7,27,T2-000008,T2-000028,0.935521,True,False,0.333333,True,0.91,True,True,False,True,True,"['MUTUAL_TOPK_HIGH_COSINE', 'MUTUAL_TOPK_ADAPTIVE_WITH_EVIDENCE', 'ACTION_AND_NAME_EVIDENCE']"
7,28,T2-000008,T2-000029,0.932487,True,False,0.25,True,0.91,True,True,False,True,True,"['MUTUAL_TOPK_HIGH_COSINE', 'MUTUAL_TOPK_ADAPTIVE_WITH_EVIDENCE', 'ACTION_AND_NAME_EVIDENCE']"
7,29,T2-000008,T2-000030,0.928418,True,False,0.181818,False,0.91,True,False,False,True,True,"['MUTUAL_TOPK_HIGH_COSINE', 'ACTION_AND_NAME_EVIDENCE']"
7,30,T2-000008,T2-000031,0.924437,False,False,0.2,False,0.91,True,False,False,False,True,['MUTUAL_TOPK_HIGH_COSINE']
7,31,T2-000008,T2-000032,0.925946,False,False,0.181818,False,0.91,True,False,False,False,True,['MUTUAL_TOPK_HIGH_COSINE']
7,32,T2-000008,T2-000033,0.92294,True,False,0.3,False,0.91,True,False,False,True,True,"['MUTUAL_TOPK_HIGH_COSINE', 'ACTION_AND_NAME_EVIDENCE']"
7,33,T2-000008,T2-000034,0.915445,True,False,0.2,False,0.91,False,False,False,True,True,['ACTION_AND_NAME_EVIDENCE']
7,34,T2-000008,T2-000035,0.945254,True,False,0.3,True,0.91,True,True,False,True,True,"['MUTUAL_TOPK_HIGH_COSINE', 'MUTUAL_TOPK_ADAPTIVE_WITH_EVIDENCE', 'ACTION_AND_NAME_EVIDENCE']"
7,38,T2-000008,T2-000039,0.898379,True,False,0.142857,False,0.91,False,False,False,True,True,['ACTION_AND_NAME_EVIDENCE']
7,84,T2-000008,T2-000085,0.86528,True,False,0.142857,False,0.91,False,False,False,True,True,['ACTION_AND_NAME_EVIDENCE']
8,9,T2-000009,T2-000010,0.922256,True,True,0.2,True,0.91,True,True,False,True,True,"['MUTUAL_TOPK_HIGH_COSINE', 'MUTUAL_TOPK_ADAPTIVE_WITH_EVIDENCE', 'ACTION_AND_NAME_EVIDENCE']"
8,27,T2-000009,T2-000028,0.906375,True,False,0.222222,False,0.91,False,False,False,True,True,['ACTION_AND_NAME_EVIDENCE']
8,28,T2-000009,T2-000029,0.895916,True,False,0.285714,False,0.91,False,False,False,True,True,['ACTION_AND_NAME_EVIDENCE']
8,32,T2-000009,T2-000033,0.886558,True,False,0.2,False,0.91,False,False,False,True,True,['ACTION_AND_NAME_EVIDENCE']
9,27,T2-000010,T2-000028,0.895814,True,False,0.222222,False,0.91,False,False,False,True,True,['ACTION_AND_NAME_EVIDENCE']
9,28,T2-000010,T2-000029,0.891711,True,False,0.125,False,0.91,False,False,False,True,True,['ACTION_AND_NAME_EVIDENCE']
9,32,T2-000010,T2-000033,0.887927,True,False,0.2,False,0.91,False,False,False,True,True,['ACTION_AND_NAME_EVIDENCE']
9,35,T2-000010,T2-000036,0.911731,False,False,0.181818,True,0.91,False,True,False,False,True,['MUTUAL_TOPK_ADAPTIVE_WITH_EVIDENCE']
9,83,T2-000010,T2-000084,0.91177,False,False,0.333333,True,0.91,False,True,False,False,True,['MUTUAL_TOPK_ADAPTIVE_WITH_EVIDENCE']
9,87,T2-000010,T2-000088,0.898603,True,False,0.181818,False,0.91,False,False,False,True,True,['ACTION_AND_NAME_EVIDENCE']
10,14,T2-000011,T2-000015,0.970169,True,True,0.5,True,0.91,True,True,True,True,True,"['MUTUAL_TOPK_HIGH_COSINE', 'MUTUAL_TOPK_ADAPTIVE_WITH_EVIDENCE', 'LEXICAL_NAME_OVERLAP', 'ACTION_AND_NAME_EVIDENCE']"
10,18,T2-000011,T2-000019,0.943738,False,False,0.3,True,0.91,True,True,False,False,True,"['MUTUAL_TOPK_HIGH_COSINE', 'MUTUAL_TOPK_ADAPTIVE_WITH_EVIDENCE']"
10,19,T2-000011,T2-000020,0.92327,False,False,0.2,False,0.91,True,False,False,False,True,['MUTUAL_TOPK_HIGH_COSINE']
10,26,T2-000011,T2-000027,0.924363,False,False,0.25,False,0.91,True,False,False,False,True,['MUTUAL_TOPK_HIGH_COSINE']
10,27,T2-000011,T2-000028,0.925854,False,False,0.222222,False,0.91,True,False,False,False,True,['MUTUAL_TOPK_HIGH_COSINE']
10,28,T2-000011,T2-000029,0.921646,False,False,0.125,False,0.91,True,False,False,False,True,['MUTUAL_TOPK_HIGH_COSINE']
10,29,T2-000011,T2-000030,0.932244,False,False,0.2,False,0.91,True,False,False,False,True,['MUTUAL_TOPK_HIGH_COSINE']
10,30,T2-000011,T2-000031,0.971767,True,False,0.571429,True,0.91,True,True,True,True,True,"['MUTUAL_TOPK_HIGH_COSINE', 'MUTUAL_TOPK_ADAPTIVE_WITH_EVIDENCE', 'LEXICAL_NAME_OVERLAP', 'ACTION_AND_NAME_EVIDENCE']"
10,31,T2-000011,T2-000032,0.936787,False,False,0.2,False,0.91,True,False,False,False,True,['MUTUAL_TOPK_HIGH_COSINE']
10,34,T2-000011,T2-000035,0.933177,False,False,0.2,False,0.91,True,False,False,False,True,['MUTUAL_TOPK_HIGH_COSINE']
10,50,T2-000011,T2-000051,0.92239,True,False,0.0,False,0.91,True,False,False,False,True,['MUTUAL_TOPK_HIGH_COSINE']
11,14,T2-000012,T2-000015,0.880297,True,True,0.125,False,0.91,False,False,False,True,True,['ACTION_AND_NAME_EVIDENCE']
12,15,T2-000013,T2-000016,0.920972,True,True,0.111111,True,0.91,True,True,False,False,True,"['MUTUAL_TOPK_HIGH_COSINE', 'MUTUAL_TOPK_ADAPTIVE_WITH_EVIDENCE']"
13,15,T2-000014,T2-000016,0.96436,True,True,0.571429,True,0.91,True,True,True,True,True,"['MUTUAL_TOPK_HIGH_COSINE', 'MUTUAL_TOPK_ADAPTIVE_WITH_EVIDENCE', 'LEXICAL_NAME_OVERLAP', 'ACTION_AND_NAME_EVIDENCE']"
14,18,T2-000015,T2-000019,0.927889,False,False,0.181818,True,0.91,True,True,False,False,True,"['MUTUAL_TOPK_HIGH_COSINE', 'MUTUAL_TOPK_ADAPTIVE_WITH_EVIDENCE']"
14,30,T2-000015,T2-000031,0.939206,True,False,0.222222,True,0.91,True,True,False,True,True,"['MUTUAL_TOPK_HIGH_COSINE', 'MUTUAL_TOPK_ADAPTIVE_WITH_EVIDENCE', 'ACTION_AND_NAME_EVIDENCE']"
15,17,T2-000016,T2-000018,0.923517,False,False,0.25,True,0.91,True,True,False,False,True,"['MUTUAL_TOPK_HIGH_COSINE', 'MUTUAL_TOPK_ADAPTIVE_WITH_EVIDENCE']"
15,30,T2-000016,T2-000031,0.922559,True,False,0.111111,False,0.91,True,False,False,False,True,['MUTUAL_TOPK_HIGH_COSINE']
15,40,T2-000016,T2-000041,0.919347,False,False,0.166667,True,0.91,False,True,False,False,True,['MUTUAL_TOPK_ADAPTIVE_WITH_EVIDENCE']
15,49,T2-000016,T2-000050,0.904559,True,False,0.125,False,0.91,False,False,False,True,True,['ACTION_AND_NAME_EVIDENCE']
15,107,T2-000016,T2-000108,0.914712,True,False,0.125,False,0.91,False,False,False,True,True,['ACTION_AND_NAME_EVIDENCE']
16,67,T2-000017,T2-000068,0.917692,True,False,0.0,True,0.91,False,True,False,False,True,['MUTUAL_TOPK_ADAPTIVE_WITH_EVIDENCE']
17,18,T2-000018,T2-000019,0.901038,True,True,0.2,False,0.91,False,False,False,True,True,['ACTION_AND_NAME_EVIDENCE']
17,30,T2-000018,T2-000031,0.921805,False,False,0.111111,False,0.91,True,False,False,False,True,['MUTUAL_TOPK_HIGH_COSINE']
17,40,T2-000018,T2-000041,0.930861,True,False,0.076923,True,0.91,True,True,False,False,True,"['MUTUAL_TOPK_HIGH_COSINE', 'MUTUAL_TOPK_ADAPTIVE_WITH_EVIDENCE']"
17,53,T2-000018,T2-000054,0.918846,True,False,0.222222,False,0.91,False,False,False,True,True,['ACTION_AND_NAME_EVIDENCE']
17,77,T2-000018,T2-000078,0.925988,True,False,0.222222,True,0.91,True,True,False,True,True,"['MUTUAL_TOPK_HIGH_COSINE', 'MUTUAL_TOPK_ADAPTIVE_WITH_EVIDENCE', 'ACTION_AND_NAME_EVIDENCE']"
17,79,T2-000018,T2-000080,0.927161,True,False,0.333333,True,0.91,True,True,False,True,True,"['MUTUAL_TOPK_HIGH_COSINE', 'MUTUAL_TOPK_ADAPTIVE_WITH_EVIDENCE', 'ACTION_AND_NAME_EVIDENCE']"
17,102,T2-000018,T2-000103,0.875372,True,False,0.125,False,0.91,False,False,False,True,True,['ACTION_AND_NAME_EVIDENCE']
17,120,T2-000018,T2-000121,0.912312,True,False,0.222222,False,0.91,False,False,False,True,True,['ACTION_AND_NAME_EVIDENCE']
18,30,T2-000019,T2-000031,0.933317,False,False,0.2,False,0.91,True,False,False,False,True,['MUTUAL_TOPK_HIGH_COSINE']
18,47,T2-000019,T2-000048,0.891683,True,False,0.153846,False,0.91,False,False,False,True,True,['ACTION_AND_NAME_EVIDENCE']
18,85,T2-000019,T2-000086,0.883156,True,False,0.181818,False,0.91,False,False,False,True,True,['ACTION_AND_NAME_EVIDENCE']
18,120,T2-000019,T2-000121,0.901514,True,False,0.181818,False,0.91,False,False,False,True,True,['ACTION_AND_NAME_EVIDENCE']
19,20,T2-000020,T2-000021,0.937453,True,True,0.2,True,0.91,True,True,False,True,True,"['MUTUAL_TOPK_HIGH_COSINE', 'MUTUAL_TOPK_ADAPTIVE_WITH_EVIDENCE', 'ACTION_AND_NAME_EVIDENCE']"
19,21,T2-000020,T2-000022,0.92168,False,True,0.2,False,0.91,True,False,False,False,True,['MUTUAL_TOPK_HIGH_COSINE']
19,22,T2-000020,T2-000023,0.946902,False,True,0.333333,True,0.91,True,True,False,False,True,"['MUTUAL_TOPK_HIGH_COSINE', 'MUTUAL_TOPK_ADAPTIVE_WITH_EVIDENCE']"
19,24,T2-000020,T2-000025,0.934959,False,True,0.2,True,0.91,True,True,False,False,True,"['MUTUAL_TOPK_HIGH_COSINE', 'MUTUAL_TOPK_ADAPTIVE_WITH_EVIDENCE']"
19,25,T2-000020,T2-000026,0.924224,False,True,0.1,False,0.91,True,False,False,False,True,['MUTUAL_TOPK_HIGH_COSINE']
19,26,T2-000020,T2-000027,0.939143,False,True,0.25,True,0.91,True,True,False,False,True,"['MUTUAL_TOPK_HIGH_COSINE', 'MUTUAL_TOPK_ADAPTIVE_WITH_EVIDENCE']"
19,28,T2-000020,T2-000029,0.920981,False,False,0.125,False,0.91,True,False,False,False,True,['MUTUAL_TOPK_HIGH_COSINE']
19,29,T2-000020,T2-000030,0.927105,False,False,0.333333,False,0.91,True,False,False,False,True,['MUTUAL_TOPK_HIGH_COSINE']
19,30,T2-000020,T2-000031,0.931523,False,False,0.222222,False,0.91,True,False,False,False,True,['MUTUAL_TOPK_HIGH_COSINE']
19,31,T2-000020,T2-000032,0.924105,False,False,0.2,False,0.91,True,False,False,False,True,['MUTUAL_TOPK_HIGH_COSINE']
20,21,T2-000021,T2-000022,0.952281,False,True,0.2,True,0.91,True,True,False,False,True,"['MUTUAL_TOPK_HIGH_COSINE', 'MUTUAL_TOPK_ADAPTIVE_WITH_EVIDENCE']"
20,24,T2-000021,T2-000025,0.928393,False,True,0.2,False,0.91,True,False,False,False,True,['MUTUAL_TOPK_HIGH_COSINE']
20,28,T2-000021,T2-000029,0.940111,False,False,0.125,True,0.91,True,True,False,False,True,"['MUTUAL_TOPK_HIGH_COSINE', 'MUTUAL_TOPK_ADAPTIVE_WITH_EVIDENCE']"
20,31,T2-000021,T2-000032,0.922853,False,False,0.2,False,0.91,True,False,False,False,True,['MUTUAL_TOPK_HIGH_COSINE']
21,22,T2-000022,T2-000023,0.919581,True,True,0.2,False,0.91,False,False,False,True,True,['ACTION_AND_NAME_EVIDENCE']
21,24,T2-000022,T2-000025,0.926302,True,True,0.2,False,0.91,True,False,False,True,True,"['MUTUAL_TOPK_HIGH_COSINE', 'ACTION_AND_NAME_EVIDENCE']"
21,26,T2-000022,T2-000027,0.939315,True,True,0.428571,True,0.91,True,True,True,True,True,"['MUTUAL_TOPK_HIGH_COSINE', 'MUTUAL_TOPK_ADAPTIVE_WITH_EVIDENCE', 'LEXICAL_NAME_OVERLAP', 'ACTION_AND_NAME_EVIDENCE']"
21,27,T2-000022,T2-000028,0.931031,False,False,0.571429,False,0.91,True,False,True,False,True,"['MUTUAL_TOPK_HIGH_COSINE', 'LEXICAL_NAME_OVERLAP']"
21,28,T2-000022,T2-000029,0.93473,False,False,0.125,True,0.91,True,True,False,False,True,"['MUTUAL_TOPK_HIGH_COSINE', 'MUTUAL_TOPK_ADAPTIVE_WITH_EVIDENCE']"
21,29,T2-000022,T2-000030,0.920061,False,False,0.2,False,0.91,True,False,False,False,True,['MUTUAL_TOPK_HIGH_COSINE']
21,31,T2-000022,T2-000032,0.923062,False,False,0.2,False,0.91,True,False,False,False,True,['MUTUAL_TOPK_HIGH_COSINE']
22,23,T2-000023,T2-000024,0.924932,True,True,0.2,True,0.91,True,True,False,True,True,"['MUTUAL_TOPK_HIGH_COSINE', 'MUTUAL_TOPK_ADAPTIVE_WITH_EVIDENCE', 'ACTION_AND_NAME_EVIDENCE']"
22,24,T2-000023,T2-000025,0.926887,True,True,0.2,False,0.91,True,False,False,True,True,"['MUTUAL_TOPK_HIGH_COSINE', 'ACTION_AND_NAME_EVIDENCE']"
22,26,T2-000023,T2-000027,0.923403,True,True,0.25,False,0.91,True,False,False,True,True,"['MUTUAL_TOPK_HIGH_COSINE', 'ACTION_AND_NAME_EVIDENCE']"
24,26,T2-000025,T2-000027,0.934854,True,True,0.25,True,0.91,True,True,False,True,True,"['MUTUAL_TOPK_HIGH_COSINE', 'MUTUAL_TOPK_ADAPTIVE_WITH_EVIDENCE', 'ACTION_AND_NAME_EVIDENCE']"
24,30,T2-000025,T2-000031,0.921959,False,False,0.222222,False,0.91,True,False,False,False,True,['MUTUAL_TOPK_HIGH_COSINE']
24,31,T2-000025,T2-000032,0.921402,False,False,0.2,False,0.91,True,False,False,False,True,['MUTUAL_TOPK_HIGH_COSINE']
24,34,T2-000025,T2-000035,0.934347,False,False,0.333333,True,0.91,True,True,False,False,True,"['MUTUAL_TOPK_HIGH_COSINE', 'MUTUAL_TOPK_ADAPTIVE_WITH_EVIDENCE']"
25,26,T2-000026,T2-000027,0.917471,True,True,0.125,False,0.91,False,False,False,True,True,['ACTION_AND_NAME_EVIDENCE']
25,36,T2-000026,T2-000037,0.919602,False,False,0.2,True,0.91,False,True,False,False,True,['MUTUAL_TOPK_ADAPTIVE_WITH_EVIDENCE']
26,27,T2-000027,T2-000028,0.930435,False,False,0.5,False,0.91,True,False,True,False,True,"['MUTUAL_TOPK_HIGH_COSINE', 'LEXICAL_NAME_OVERLAP']"
26,29,T2-000027,T2-000030,0.924291,False,False,0.25,False,0.91,True,False,False,False,True,['MUTUAL_TOPK_HIGH_COSINE']
26,30,T2-000027,T2-000031,0.926876,False,False,0.285714,False,0.91,True,False,False,False,True,['MUTUAL_TOPK_HIGH_COSINE']
26,31,T2-000027,T2-000032,0.92007,False,False,0.25,False,0.91,True,False,False,False,True,['MUTUAL_TOPK_HIGH_COSINE']
26,32,T2-000027,T2-000033,0.945701,False,False,0.666667,True,0.91,True,True,True,False,True,"['MUTUAL_TOPK_HIGH_COSINE', 'MUTUAL_TOPK_ADAPTIVE_WITH_EVIDENCE', 'LEXICAL_NAME_OVERLAP']"
27,28,T2-000028,T2-000029,0.929494,True,True,0.142857,False,0.91,True,False,False,True,True,"['MUTUAL_TOPK_HIGH_COSINE', 'ACTION_AND_NAME_EVIDENCE']"
27,29,T2-000028,T2-000030,0.936197,True,True,0.222222,True,0.91,True,True,False,True,True,"['MUTUAL_TOPK_HIGH_COSINE', 'MUTUAL_TOPK_ADAPTIVE_WITH_EVIDENCE', 'ACTION_AND_NAME_EVIDENCE']"
27,30,T2-000028,T2-000031,0.922522,False,True,0.25,False,0.91,True,False,False,False,True,['MUTUAL_TOPK_HIGH_COSINE']
27,31,T2-000028,T2-000032,0.92194,False,True,0.222222,False,0.91,True,False,False,False,True,['MUTUAL_TOPK_HIGH_COSINE']
27,32,T2-000028,T2-000033,0.952524,True,True,0.571429,True,0.91,True,True,True,True,True,"['MUTUAL_TOPK_HIGH_COSINE', 'MUTUAL_TOPK_ADAPTIVE_WITH_EVIDENCE', 'LEXICAL_NAME_OVERLAP', 'ACTION_AND_NAME_EVIDENCE']"
27,33,T2-000028,T2-000034,0.893928,True,True,0.25,False,0.91,False,False,False,True,True,['ACTION_AND_NAME_EVIDENCE']
27,34,T2-000028,T2-000035,0.935224,True,True,0.222222,True,0.91,True,True,False,True,True,"['MUTUAL_TOPK_HIGH_COSINE', 'MUTUAL_TOPK_ADAPTIVE_WITH_EVIDENCE', 'ACTION_AND_NAME_EVIDENCE']"
28,29,T2-000029,T2-000030,0.928674,True,True,0.125,False,0.91,True,False,False,True,True,"['MUTUAL_TOPK_HIGH_COSINE', 'ACTION_AND_NAME_EVIDENCE']"
28,30,T2-000029,T2-000031,0.926661,False,True,0.142857,False,0.91,True,False,False,False,True,['MUTUAL_TOPK_HIGH_COSINE']
28,31,T2-000029,T2-000032,0.920296,False,True,0.125,False,0.91,True,False,False,False,True,['MUTUAL_TOPK_HIGH_COSINE']
28,32,T2-000029,T2-000033,0.914705,True,True,0.125,False,0.91,False,False,False,True,True,['ACTION_AND_NAME_EVIDENCE']
28,33,T2-000029,T2-000034,0.893382,True,True,0.142857,False,0.91,False,False,False,True,True,['ACTION_AND_NAME_EVIDENCE']
28,34,T2-000029,T2-000035,0.920485,True,True,0.125,False,0.91,True,False,False,True,True,"['MUTUAL_TOPK_HIGH_COSINE', 'ACTION_AND_NAME_EVIDENCE']"
28,64,T2-000029,T2-000065,0.886209,True,False,0.125,False,0.91,False,False,False,True,True,['ACTION_AND_NAME_EVIDENCE']
29,30,T2-000030,T2-000031,0.950589,False,True,0.222222,True,0.91,True,True,False,False,True,"['MUTUAL_TOPK_HIGH_COSINE', 'MUTUAL_TOPK_ADAPTIVE_WITH_EVIDENCE']"
29,31,T2-000030,T2-000032,0.931454,False,True,0.2,False,0.91,True,False,False,False,True,['MUTUAL_TOPK_HIGH_COSINE']
29,32,T2-000030,T2-000033,0.922236,True,True,0.2,False,0.91,True,False,False,True,True,"['MUTUAL_TOPK_HIGH_COSINE', 'ACTION_AND_NAME_EVIDENCE']"
29,33,T2-000030,T2-000034,0.922737,True,True,0.222222,False,0.91,True,False,False,True,True,"['MUTUAL_TOPK_HIGH_COSINE', 'ACTION_AND_NAME_EVIDENCE']"
29,34,T2-000030,T2-000035,0.935267,True,True,0.2,True,0.91,True,True,False,True,True,"['MUTUAL_TOPK_HIGH_COSINE', 'MUTUAL_TOPK_ADAPTIVE_WITH_EVIDENCE', 'ACTION_AND_NAME_EVIDENCE']"
30,31,T2-000031,T2-000032,0.938295,False,True,0.222222,False,0.91,True,False,False,False,True,['MUTUAL_TOPK_HIGH_COSINE']
30,34,T2-000031,T2-000035,0.923674,False,True,0.222222,False,0.91,True,False,False,False,True,['MUTUAL_TOPK_HIGH_COSINE']
30,40,T2-000031,T2-000041,0.933554,False,False,0.166667,False,0.91,True,False,False,False,True,['MUTUAL_TOPK_HIGH_COSINE']
31,34,T2-000032,T2-000035,0.933577,False,True,0.333333,True,0.91,True,True,False,False,True,"['MUTUAL_TOPK_HIGH_COSINE', 'MUTUAL_TOPK_ADAPTIVE_WITH_EVIDENCE']"
31,46,T2-000032,T2-000047,0.861531,True,False,0.125,False,0.91,False,False,False,True,True,['ACTION_AND_NAME_EVIDENCE']
32,33,T2-000033,T2-000034,0.924687,True,True,0.222222,True,0.91,True,True,False,True,True,"['MUTUAL_TOPK_HIGH_COSINE', 'MUTUAL_TOPK_ADAPTIVE_WITH_EVIDENCE', 'ACTION_AND_NAME_EVIDENCE']"
32,34,T2-000033,T2-000035,0.913171,True,True,0.2,False,0.91,False,False,False,True,True,['ACTION_AND_NAME_EVIDENCE']
33,34,T2-000034,T2-000035,0.901932,True,True,0.222222,False,0.91,False,False,False,True,True,['ACTION_AND_NAME_EVIDENCE']
34,62,T2-000035,T2-000063,0.9175,True,False,0.25,False,0.91,False,False,False,True,True,['ACTION_AND_NAME_EVIDENCE']
35,38,T2-000036,T2-000039,0.914792,False,True,0.230769,True,0.91,False,True,False,False,True,['MUTUAL_TOPK_ADAPTIVE_WITH_EVIDENCE']
35,100,T2-000036,T2-000101,0.905747,True,False,0.2,True,0.91,False,False,False,True,True,['ACTION_AND_NAME_EVIDENCE']
37,46,T2-000038,T2-000047,0.866386,True,False,0.125,False,0.91,False,False,False,True,True,['ACTION_AND_NAME_EVIDENCE']
37,65,T2-000038,T2-000066,0.913032,True,False,0.3,True,0.91,False,True,False,True,True,"['MUTUAL_TOPK_ADAPTIVE_WITH_EVIDENCE', 'ACTION_AND_NAME_EVIDENCE']"
37,94,T2-000038,T2-000095,0.882529,True,False,0.181818,False,0.91,False,False,False,True,True,['ACTION_AND_NAME_EVIDENCE']
38,40,T2-000039,T2-000041,0.922445,False,True,0.125,True,0.91,True,True,False,False,True,"['MUTUAL_TOPK_HIGH_COSINE', 'MUTUAL_TOPK_ADAPTIVE_WITH_EVIDENCE']"
38,64,T2-000039,T2-000065,0.913149,True,False,0.153846,False,0.91,False,False,False,True,True,['ACTION_AND_NAME_EVIDENCE']
38,68,T2-000039,T2-000069,0.915583,False,False,0.142857,True,0.91,False,True,False,False,True,['MUTUAL_TOPK_ADAPTIVE_WITH_EVIDENCE']
38,84,T2-000039,T2-000085,0.898031,True,False,0.125,False,0.91,False,False,False,True,True,['ACTION_AND_NAME_EVIDENCE']
39,59,T2-000040,T2-000060,0.915107,True,False,0.0,True,0.91,False,True,False,False,True,['MUTUAL_TOPK_ADAPTIVE_WITH_EVIDENCE']
39,91,T2-000040,T2-000092,0.918107,False,False,0.181818,True,0.91,False,True,False,False,True,['MUTUAL_TOPK_ADAPTIVE_WITH_EVIDENCE']
39,111,T2-000040,T2-000112,0.920294,False,False,0.1,True,0.91,True,False,False,False,True,['MUTUAL_TOPK_HIGH_COSINE']
40,53,T2-000041,T2-000054,0.906873,True,False,0.153846,False,0.91,False,False,False,True,True,['ACTION_AND_NAME_EVIDENCE']
40,66,T2-000041,T2-000067,0.922613,False,False,0.166667,True,0.91,True,True,False,False,True,"['MUTUAL_TOPK_HIGH_COSINE', 'MUTUAL_TOPK_ADAPTIVE_WITH_EVIDENCE']"
40,120,T2-000041,T2-000121,0.911595,True,False,0.153846,False,0.91,False,False,False,True,True,['ACTION_AND_NAME_EVIDENCE']
42,43,T2-000043,T2-000044,0.933316,True,True,0.2,True,0.91,True,True,False,True,True,"['MUTUAL_TOPK_HIGH_COSINE', 'MUTUAL_TOPK_ADAPTIVE_WITH_EVIDENCE', 'ACTION_AND_NAME_EVIDENCE']"
42,87,T2-000043,T2-000088,0.888122,True,False,0.181818,False,0.91,False,False,False,True,True,['ACTION_AND_NAME_EVIDENCE']
43,45,T2-000044,T2-000046,0.912566,True,True,0.2,True,0.91,False,True,False,True,True,"['MUTUAL_TOPK_ADAPTIVE_WITH_EVIDENCE', 'ACTION_AND_NAME_EVIDENCE']"
43,87,T2-000044,T2-000088,0.88497,True,False,0.181818,False,0.91,False,False,False,True,True,['ACTION_AND_NAME_EVIDENCE']
44,59,T2-000045,T2-000060,0.905348,True,False,0.25,False,0.91,False,False,False,True,True,['ACTION_AND_NAME_EVIDENCE']
44,61,T2-000045,T2-000062,0.875136,True,False,0.125,False,0.91,False,False,False,True,True,['ACTION_AND_NAME_EVIDENCE']
46,69,T2-000047,T2-000070,0.88731,True,False,0.142857,False,0.91,False,False,False,True,True,['ACTION_AND_NAME_EVIDENCE']
46,95,T2-000047,T2-000096,0.870078,True,False,0.166667,False,0.91,False,False,False,True,True,['ACTION_AND_NAME_EVIDENCE']
46,115,T2-000047,T2-000116,0.862037,True,False,0.125,False,0.91,False,False,False,True,True,['ACTION_AND_NAME_EVIDENCE']
47,85,T2-000048,T2-000086,0.88327,True,False,0.166667,False,0.91,False,False,False,True,True,['ACTION_AND_NAME_EVIDENCE']
48,53,T2-000049,T2-000054,0.933857,False,False,0.166667,True,0.91,True,True,False,False,True,"['MUTUAL_TOPK_HIGH_COSINE', 'MUTUAL_TOPK_ADAPTIVE_WITH_EVIDENCE']"
48,55,T2-000049,T2-000056,0.929399,False,False,0.333333,True,0.91,True,True,False,False,True,"['MUTUAL_TOPK_HIGH_COSINE', 'MUTUAL_TOPK_ADAPTIVE_WITH_EVIDENCE']"
48,72,T2-000049,T2-000073,0.905285,True,False,0.2,False,0.91,False,False,False,True,True,['ACTION_AND_NAME_EVIDENCE']
48,90,T2-000049,T2-000091,0.881551,True,False,0.125,False,0.91,False,False,False,True,True,['ACTION_AND_NAME_EVIDENCE']
48,120,T2-000049,T2-000121,0.920451,False,False,0.166667,False,0.91,True,False,False,False,True,['MUTUAL_TOPK_HIGH_COSINE']
48,121,T2-000049,T2-000122,0.895253,True,False,0.166667,False,0.91,False,False,False,True,True,['ACTION_AND_NAME_EVIDENCE']
49,50,T2-000050,T2-000051,0.926604,True,True,0.142857,True,0.91,True,True,False,True,True,"['MUTUAL_TOPK_HIGH_COSINE', 'MUTUAL_TOPK_ADAPTIVE_WITH_EVIDENCE', 'ACTION_AND_NAME_EVIDENCE']"
49,51,T2-000050,T2-000052,0.936637,True,True,0.111111,True,0.91,True,True,False,False,True,"['MUTUAL_TOPK_HIGH_COSINE', 'MUTUAL_TOPK_ADAPTIVE_WITH_EVIDENCE']"
49,52,T2-000050,T2-000053,0.919809,True,True,0.125,False,0.91,False,False,False,True,True,['ACTION_AND_NAME_EVIDENCE']
49,55,T2-000050,T2-000056,0.899187,True,True,0.142857,False,0.91,False,False,False,True,True,['ACTION_AND_NAME_EVIDENCE']
49,56,T2-000050,T2-000057,0.886798,True,True,0.125,False,0.91,False,False,False,True,True,['ACTION_AND_NAME_EVIDENCE']
49,57,T2-000050,T2-000058,0.883146,True,True,0.125,False,0.91,False,False,False,True,True,['ACTION_AND_NAME_EVIDENCE']
49,58,T2-000050,T2-000059,0.876437,True,True,0.142857,False,0.91,False,False,False,True,True,['ACTION_AND_NAME_EVIDENCE']
49,60,T2-000050,T2-000061,0.902046,True,True,0.125,False,0.91,False,False,False,True,True,['ACTION_AND_NAME_EVIDENCE']
49,107,T2-000050,T2-000108,0.912644,True,False,0.142857,False,0.91,False,False,False,True,True,['ACTION_AND_NAME_EVIDENCE']
49,118,T2-000050,T2-000119,0.901822,True,False,0.142857,False,0.91,False,False,False,True,True,['ACTION_AND_NAME_EVIDENCE']
49,119,T2-000050,T2-000120,0.896007,True,False,0.125,False,0.91,False,False,False,True,True,['ACTION_AND_NAME_EVIDENCE']
50,51,T2-000051,T2-000052,0.927952,True,True,0.111111,True,0.91,True,True,False,False,True,"['MUTUAL_TOPK_HIGH_COSINE', 'MUTUAL_TOPK_ADAPTIVE_WITH_EVIDENCE']"
50,52,T2-000051,T2-000053,0.953487,True,True,0.125,True,0.91,True,True,False,True,True,"['MUTUAL_TOPK_HIGH_COSINE', 'MUTUAL_TOPK_ADAPTIVE_WITH_EVIDENCE', 'ACTION_AND_NAME_EVIDENCE']"
50,54,T2-000051,T2-000055,0.945578,True,True,0.111111,True,0.91,True,True,False,False,True,"['MUTUAL_TOPK_HIGH_COSINE', 'MUTUAL_TOPK_ADAPTIVE_WITH_EVIDENCE']"
50,55,T2-000051,T2-000056,0.91559,True,True,0.142857,False,0.91,False,False,False,True,True,['ACTION_AND_NAME_EVIDENCE']
50,56,T2-000051,T2-000057,0.911712,True,True,0.125,False,0.91,False,False,False,True,True,['ACTION_AND_NAME_EVIDENCE']
50,57,T2-000051,T2-000058,0.906002,True,True,0.285714,False,0.91,False,False,False,True,True,['ACTION_AND_NAME_EVIDENCE']
50,58,T2-000051,T2-000059,0.910954,True,True,0.142857,False,0.91,False,False,False,True,True,['ACTION_AND_NAME_EVIDENCE']
50,60,T2-000051,T2-000061,0.911866,True,True,0.125,False,0.91,False,False,False,True,True,['ACTION_AND_NAME_EVIDENCE']
50,107,T2-000051,T2-000108,0.900628,True,False,0.142857,False,0.91,False,False,False,True,True,['ACTION_AND_NAME_EVIDENCE']
50,117,T2-000051,T2-000118,0.927466,True,False,0.111111,False,0.91,True,False,False,False,True,['MUTUAL_TOPK_HIGH_COSINE']
50,118,T2-000051,T2-000119,0.906613,True,False,0.142857,False,0.91,False,False,False,True,True,['ACTION_AND_NAME_EVIDENCE']
50,119,T2-000051,T2-000120,0.910289,True,False,0.125,False,0.91,False,False,False,True,True,['ACTION_AND_NAME_EVIDENCE']
51,52,T2-000052,T2-000053,0.929495,True,True,0.1,True,0.91,True,True,False,False,True,"['MUTUAL_TOPK_HIGH_COSINE', 'MUTUAL_TOPK_ADAPTIVE_WITH_EVIDENCE']"
51,54,T2-000052,T2-000055,0.92944,True,True,0.090909,True,0.91,True,True,False,False,True,"['MUTUAL_TOPK_HIGH_COSINE', 'MUTUAL_TOPK_ADAPTIVE_WITH_EVIDENCE']"
51,56,T2-000052,T2-000057,0.916972,True,True,0.222222,True,0.91,False,True,False,True,True,"['MUTUAL_TOPK_ADAPTIVE_WITH_EVIDENCE', 'ACTION_AND_NAME_EVIDENCE']"
52,53,T2-000053,T2-000054,0.922917,False,True,0.222222,False,0.91,True,False,False,False,True,['MUTUAL_TOPK_HIGH_COSINE']
52,54,T2-000053,T2-000055,0.963743,True,True,0.222222,True,0.91,True,True,False,True,True,"['MUTUAL_TOPK_HIGH_COSINE', 'MUTUAL_TOPK_ADAPTIVE_WITH_EVIDENCE', 'ACTION_AND_NAME_EVIDENCE']"
52,55,T2-000053,T2-000056,0.915899,True,True,0.125,False,0.91,False,False,False,True,True,['ACTION_AND_NAME_EVIDENCE']
52,58,T2-000053,T2-000059,0.890767,True,True,0.125,False,0.91,False,False,False,True,True,['ACTION_AND_NAME_EVIDENCE']
52,117,T2-000053,T2-000118,0.922898,True,False,0.1,False,0.91,True,False,False,False,True,['MUTUAL_TOPK_HIGH_COSINE']
52,118,T2-000053,T2-000119,0.903341,True,False,0.125,False,0.91,False,False,False,True,True,['ACTION_AND_NAME_EVIDENCE']
52,119,T2-000053,T2-000120,0.922148,True,False,0.111111,False,0.91,True,False,False,False,True,['MUTUAL_TOPK_HIGH_COSINE']
53,55,T2-000054,T2-000056,0.947772,False,True,0.111111,True,0.91,True,False,False,False,True,['MUTUAL_TOPK_HIGH_COSINE']
53,77,T2-000054,T2-000078,0.936311,True,False,0.2,True,0.91,True,True,False,True,True,"['MUTUAL_TOPK_HIGH_COSINE', 'MUTUAL_TOPK_ADAPTIVE_WITH_EVIDENCE', 'ACTION_AND_NAME_EVIDENCE']"
53,79,T2-000054,T2-000080,0.935566,True,False,0.285714,True,0.91,True,True,False,True,True,"['MUTUAL_TOPK_HIGH_COSINE', 'MUTUAL_TOPK_ADAPTIVE_WITH_EVIDENCE', 'ACTION_AND_NAME_EVIDENCE']"
53,88,T2-000054,T2-000089,0.922789,False,False,0.153846,False,0.91,True,False,False,False,True,['MUTUAL_TOPK_HIGH_COSINE']
53,120,T2-000054,T2-000121,0.936742,True,False,0.333333,True,0.91,True,True,False,True,True,"['MUTUAL_TOPK_HIGH_COSINE', 'MUTUAL_TOPK_ADAPTIVE_WITH_EVIDENCE', 'ACTION_AND_NAME_EVIDENCE']"
54,115,T2-000055,T2-000116,0.924275,False,False,0.2,False,0.91,True,False,False,False,True,['MUTUAL_TOPK_HIGH_COSINE']
54,117,T2-000055,T2-000118,0.935552,True,False,0.2,True,0.91,True,True,False,True,True,"['MUTUAL_TOPK_HIGH_COSINE', 'MUTUAL_TOPK_ADAPTIVE_WITH_EVIDENCE', 'ACTION_AND_NAME_EVIDENCE']"
54,119,T2-000055,T2-000120,0.931285,True,False,0.1,True,0.91,True,True,False,False,True,"['MUTUAL_TOPK_HIGH_COSINE', 'MUTUAL_TOPK_ADAPTIVE_WITH_EVIDENCE']"
55,56,T2-000056,T2-000057,0.932456,True,True,0.285714,True,0.91,True,True,False,True,True,"['MUTUAL_TOPK_HIGH_COSINE', 'MUTUAL_TOPK_ADAPTIVE_WITH_EVIDENCE', 'ACTION_AND_NAME_EVIDENCE']"
55,57,T2-000056,T2-000058,0.910648,True,True,0.125,False,0.91,False,False,False,True,True,['ACTION_AND_NAME_EVIDENCE']
55,58,T2-000056,T2-000059,0.897142,True,True,0.142857,False,0.91,False,False,False,True,True,['ACTION_AND_NAME_EVIDENCE']
55,60,T2-000056,T2-000061,0.890578,True,True,0.125,False,0.91,False,False,False,True,True,['ACTION_AND_NAME_EVIDENCE']
55,77,T2-000056,T2-000078,0.922612,False,False,0.111111,False,0.91,True,False,False,False,True,['MUTUAL_TOPK_HIGH_COSINE']
55,79,T2-000056,T2-000080,0.924013,False,False,0.166667,True,0.91,True,True,False,False,True,"['MUTUAL_TOPK_HIGH_COSINE', 'MUTUAL_TOPK_ADAPTIVE_WITH_EVIDENCE']"
55,118,T2-000056,T2-000119,0.912357,True,False,0.142857,False,0.91,False,False,False,True,True,['ACTION_AND_NAME_EVIDENCE']
55,119,T2-000056,T2-000120,0.902565,True,False,0.125,False,0.91,False,False,False,True,True,['ACTION_AND_NAME_EVIDENCE']
55,120,T2-000056,T2-000121,0.928576,False,False,0.111111,True,0.91,True,False,False,False,True,['MUTUAL_TOPK_HIGH_COSINE']
56,57,T2-000057,T2-000058,0.936903,True,True,0.25,True,0.91,True,True,False,True,True,"['MUTUAL_TOPK_HIGH_COSINE', 'MUTUAL_TOPK_ADAPTIVE_WITH_EVIDENCE', 'ACTION_AND_NAME_EVIDENCE']"
56,58,T2-000057,T2-000059,0.90402,True,True,0.125,False,0.91,False,False,False,True,True,['ACTION_AND_NAME_EVIDENCE']
56,71,T2-000057,T2-000072,0.921963,False,False,0.111111,True,0.91,True,False,False,False,True,['MUTUAL_TOPK_HIGH_COSINE']
56,118,T2-000057,T2-000119,0.905169,True,False,0.125,False,0.91,False,False,False,True,True,['ACTION_AND_NAME_EVIDENCE']
57,58,T2-000058,T2-000059,0.9373,True,True,0.125,True,0.91,True,True,False,True,True,"['MUTUAL_TOPK_HIGH_COSINE', 'MUTUAL_TOPK_ADAPTIVE_WITH_EVIDENCE', 'ACTION_AND_NAME_EVIDENCE']"
57,118,T2-000058,T2-000119,0.893337,True,False,0.125,False,0.91,False,False,False,True,True,['ACTION_AND_NAME_EVIDENCE']
58,60,T2-000059,T2-000061,0.870749,True,True,0.125,False,0.91,False,False,False,True,True,['ACTION_AND_NAME_EVIDENCE']
58,118,T2-000059,T2-000119,0.893703,True,False,0.142857,False,0.91,False,False,False,True,True,['ACTION_AND_NAME_EVIDENCE']
58,119,T2-000059,T2-000120,0.879429,True,False,0.125,False,0.91,False,False,False,True,True,['ACTION_AND_NAME_EVIDENCE']
59,61,T2-000060,T2-000062,0.902103,True,True,0.222222,False,0.91,False,False,False,True,True,['ACTION_AND_NAME_EVIDENCE']
60,61,T2-000061,T2-000062,0.935845,False,True,0.25,True,0.91,True,True,False,False,True,"['MUTUAL_TOPK_HIGH_COSINE', 'MUTUAL_TOPK_ADAPTIVE_WITH_EVIDENCE']"
60,64,T2-000061,T2-000065,0.915393,False,False,0.222222,True,0.91,False,True,False,False,True,['MUTUAL_TOPK_ADAPTIVE_WITH_EVIDENCE']
60,118,T2-000061,T2-000119,0.900203,True,False,0.125,False,0.91,False,False,False,True,True,['ACTION_AND_NAME_EVIDENCE']
62,63,T2-000063,T2-000064,0.937155,False,True,0.285714,True,0.91,True,True,False,False,True,"['MUTUAL_TOPK_HIGH_COSINE', 'MUTUAL_TOPK_ADAPTIVE_WITH_EVIDENCE']"
62,69,T2-000063,T2-000070,0.925506,False,False,0.285714,True,0.91,True,True,False,False,True,"['MUTUAL_TOPK_HIGH_COSINE', 'MUTUAL_TOPK_ADAPTIVE_WITH_EVIDENCE']"
63,72,T2-000064,T2-000073,0.92485,True,False,0.0,True,0.91,True,True,False,False,True,"['MUTUAL_TOPK_HIGH_COSINE', 'MUTUAL_TOPK_ADAPTIVE_WITH_EVIDENCE']"
64,66,T2-000065,T2-000067,0.944542,False,True,0.0,True,0.91,True,False,False,False,True,['MUTUAL_TOPK_HIGH_COSINE']
64,68,T2-000065,T2-000069,0.914677,False,True,0.181818,True,0.91,False,True,False,False,True,['MUTUAL_TOPK_ADAPTIVE_WITH_EVIDENCE']
64,84,T2-000065,T2-000085,0.885676,True,False,0.153846,False,0.91,False,False,False,True,True,['ACTION_AND_NAME_EVIDENCE']
64,93,T2-000065,T2-000094,0.914772,True,False,0.083333,True,0.91,False,True,False,False,True,['MUTUAL_TOPK_ADAPTIVE_WITH_EVIDENCE']
65,91,T2-000066,T2-000092,0.885586,True,False,0.153846,False,0.91,False,False,False,True,True,['ACTION_AND_NAME_EVIDENCE']
65,94,T2-000066,T2-000095,0.880103,True,False,0.166667,False,0.91,False,False,False,True,True,['ACTION_AND_NAME_EVIDENCE']
65,112,T2-000066,T2-000113,0.88406,True,False,0.2,False,0.91,False,False,False,True,True,['ACTION_AND_NAME_EVIDENCE']
66,67,T2-000067,T2-000068,0.919053,False,True,0.125,True,0.91,False,True,False,False,True,['MUTUAL_TOPK_ADAPTIVE_WITH_EVIDENCE']
68,82,T2-000069,T2-000083,0.90161,True,False,0.333333,False,0.91,False,False,False,True,True,['ACTION_AND_NAME_EVIDENCE']
69,70,T2-000070,T2-000071,0.927323,False,True,0.1,True,0.91,True,False,False,False,True,['MUTUAL_TOPK_HIGH_COSINE']
69,72,T2-000070,T2-000073,0.929559,False,True,0.125,True,0.91,True,True,False,False,True,"['MUTUAL_TOPK_HIGH_COSINE', 'MUTUAL_TOPK_ADAPTIVE_WITH_EVIDENCE']"
71,72,T2-000072,T2-000073,0.943882,False,True,0.285714,True,0.91,True,True,False,False,True,"['MUTUAL_TOPK_HIGH_COSINE', 'MUTUAL_TOPK_ADAPTIVE_WITH_EVIDENCE']"
72,76,T2-000073,T2-000077,0.893481,True,False,0.142857,False,0.91,False,False,False,True,True,['ACTION_AND_NAME_EVIDENCE']
72,78,T2-000073,T2-000079,0.887306,True,False,0.142857,False,0.91,False,False,False,True,True,['ACTION_AND_NAME_EVIDENCE']
72,121,T2-000073,T2-000122,0.921718,True,False,0.25,True,0.91,True,True,False,True,True,"['MUTUAL_TOPK_HIGH_COSINE', 'MUTUAL_TOPK_ADAPTIVE_WITH_EVIDENCE', 'ACTION_AND_NAME_EVIDENCE']"
73,76,T2-000074,T2-000077,0.930736,False,True,0.222222,True,0.91,True,True,False,False,True,"['MUTUAL_TOPK_HIGH_COSINE', 'MUTUAL_TOPK_ADAPTIVE_WITH_EVIDENCE']"
74,81,T2-000075,T2-000082,0.92597,True,False,0.333333,True,0.91,True,True,False,True,True,"['MUTUAL_TOPK_HIGH_COSINE', 'MUTUAL_TOPK_ADAPTIVE_WITH_EVIDENCE', 'ACTION_AND_NAME_EVIDENCE']"
76,78,T2-000077,T2-000079,0.927286,True,True,0.333333,True,0.91,True,True,False,True,True,"['MUTUAL_TOPK_HIGH_COSINE', 'MUTUAL_TOPK_ADAPTIVE_WITH_EVIDENCE', 'ACTION_AND_NAME_EVIDENCE']"
77,79,T2-000078,T2-000080,0.934296,True,False,0.285714,True,0.91,True,True,False,True,True,"['MUTUAL_TOPK_HIGH_COSINE', 'MUTUAL_TOPK_ADAPTIVE_WITH_EVIDENCE', 'ACTION_AND_NAME_EVIDENCE']"
77,88,T2-000078,T2-000089,0.929574,False,False,0.153846,True,0.91,True,True,False,False,True,"['MUTUAL_TOPK_HIGH_COSINE', 'MUTUAL_TOPK_ADAPTIVE_WITH_EVIDENCE']"
77,89,T2-000078,T2-000090,0.926485,False,False,0.0625,True,0.91,True,False,False,False,True,['MUTUAL_TOPK_HIGH_COSINE']
77,120,T2-000078,T2-000121,0.918434,True,False,0.2,False,0.91,False,False,False,True,True,['ACTION_AND_NAME_EVIDENCE']
79,102,T2-000080,T2-000103,0.88861,True,False,0.166667,False,0.91,False,False,False,True,True,['ACTION_AND_NAME_EVIDENCE']
79,108,T2-000080,T2-000109,0.890486,True,False,0.142857,False,0.91,False,False,False,True,True,['ACTION_AND_NAME_EVIDENCE']
79,120,T2-000080,T2-000121,0.917014,True,False,0.285714,False,0.91,False,False,False,True,True,['ACTION_AND_NAME_EVIDENCE']
84,87,T2-000085,T2-000088,0.945331,True,True,0.142857,True,0.91,True,True,False,True,True,"['MUTUAL_TOPK_HIGH_COSINE', 'MUTUAL_TOPK_ADAPTIVE_WITH_EVIDENCE', 'ACTION_AND_NAME_EVIDENCE']"
85,108,T2-000086,T2-000109,0.878028,True,False,0.222222,False,0.91,False,False,False,True,True,['ACTION_AND_NAME_EVIDENCE']
87,90,T2-000088,T2-000091,0.922419,False,False,0.214286,True,0.91,True,True,False,False,True,"['MUTUAL_TOPK_HIGH_COSINE', 'MUTUAL_TOPK_ADAPTIVE_WITH_EVIDENCE']"
87,93,T2-000088,T2-000094,0.921171,True,False,0.076923,True,0.91,True,True,False,False,True,"['MUTUAL_TOPK_HIGH_COSINE', 'MUTUAL_TOPK_ADAPTIVE_WITH_EVIDENCE']"
88,89,T2-000089,T2-000090,0.935337,False,True,0.111111,True,0.91,True,False,False,False,True,['MUTUAL_TOPK_HIGH_COSINE']
88,92,T2-000089,T2-000093,0.917948,True,False,0.25,True,0.91,False,True,False,True,True,"['MUTUAL_TOPK_ADAPTIVE_WITH_EVIDENCE', 'ACTION_AND_NAME_EVIDENCE']"
89,90,T2-000090,T2-000091,0.92461,False,True,0.105263,True,0.91,True,False,False,False,True,['MUTUAL_TOPK_HIGH_COSINE']
89,115,T2-000090,T2-000116,0.878529,True,False,0.133333,False,0.91,False,False,False,True,True,['ACTION_AND_NAME_EVIDENCE']
90,91,T2-000091,T2-000092,0.916566,False,True,0.125,True,0.91,False,True,False,False,True,['MUTUAL_TOPK_ADAPTIVE_WITH_EVIDENCE']
92,93,T2-000093,T2-000094,0.907385,True,True,0.181818,False,0.91,False,False,False,True,True,['ACTION_AND_NAME_EVIDENCE']
95,105,T2-000096,T2-000106,0.916674,True,True,0.125,True,0.91,False,True,False,True,True,"['MUTUAL_TOPK_ADAPTIVE_WITH_EVIDENCE', 'ACTION_AND_NAME_EVIDENCE']"
95,113,T2-000096,T2-000114,0.865817,True,False,0.125,False,0.91,False,False,False,True,True,['ACTION_AND_NAME_EVIDENCE']
95,114,T2-000096,T2-000115,0.875555,True,False,0.125,False,0.91,False,False,False,True,True,['ACTION_AND_NAME_EVIDENCE']
96,104,T2-000097,T2-000105,0.913352,False,True,0.142857,True,0.91,False,True,False,False,True,['MUTUAL_TOPK_ADAPTIVE_WITH_EVIDENCE']
96,109,T2-000097,T2-000110,0.910148,True,True,0.0,True,0.91,False,True,False,False,True,['MUTUAL_TOPK_ADAPTIVE_WITH_EVIDENCE']
97,104,T2-000098,T2-000105,0.903126,True,True,0.142857,True,0.91,False,False,False,True,True,['ACTION_AND_NAME_EVIDENCE']
97,105,T2-000098,T2-000106,0.909915,True,True,0.125,True,0.91,False,False,False,True,True,['ACTION_AND_NAME_EVIDENCE']
97,106,T2-000098,T2-000107,0.890225,True,True,0.142857,False,0.91,False,False,False,True,True,['ACTION_AND_NAME_EVIDENCE']
99,100,T2-000100,T2-000101,0.910982,True,True,0.142857,True,0.91,False,True,False,True,True,"['MUTUAL_TOPK_ADAPTIVE_WITH_EVIDENCE', 'ACTION_AND_NAME_EVIDENCE']"
99,101,T2-000100,T2-000102,0.908229,True,True,0.166667,True,0.91,False,False,False,True,True,['ACTION_AND_NAME_EVIDENCE']
99,109,T2-000100,T2-000110,0.911029,True,True,0.0,True,0.91,False,True,False,False,True,['MUTUAL_TOPK_ADAPTIVE_WITH_EVIDENCE']
100,101,T2-000101,T2-000102,0.917361,True,True,0.125,True,0.91,False,True,False,True,True,"['MUTUAL_TOPK_ADAPTIVE_WITH_EVIDENCE', 'ACTION_AND_NAME_EVIDENCE']"
100,109,T2-000101,T2-000110,0.88942,True,True,0.125,False,0.91,False,False,False,True,True,['ACTION_AND_NAME_EVIDENCE']
102,105,T2-000103,T2-000106,0.922611,False,True,0.125,True,0.91,True,True,False,False,True,"['MUTUAL_TOPK_HIGH_COSINE', 'MUTUAL_TOPK_ADAPTIVE_WITH_EVIDENCE']"
102,107,T2-000103,T2-000108,0.916382,False,True,0.142857,True,0.91,False,True,False,False,True,['MUTUAL_TOPK_ADAPTIVE_WITH_EVIDENCE']
102,108,T2-000103,T2-000109,0.935695,True,True,0.285714,True,0.91,True,True,False,True,True,"['MUTUAL_TOPK_HIGH_COSINE', 'MUTUAL_TOPK_ADAPTIVE_WITH_EVIDENCE', 'ACTION_AND_NAME_EVIDENCE']"
104,105,T2-000105,T2-000106,0.893917,True,True,0.125,False,0.91,False,False,False,True,True,['ACTION_AND_NAME_EVIDENCE']
104,106,T2-000105,T2-000107,0.882529,True,True,0.142857,False,0.91,False,False,False,True,True,['ACTION_AND_NAME_EVIDENCE']
105,106,T2-000106,T2-000107,0.90855,True,True,0.285714,False,0.91,False,False,False,True,True,['ACTION_AND_NAME_EVIDENCE']
105,107,T2-000106,T2-000108,0.918828,False,True,0.285714,True,0.91,False,True,False,False,True,['MUTUAL_TOPK_ADAPTIVE_WITH_EVIDENCE']
105,108,T2-000106,T2-000109,0.953502,False,True,0.428571,True,0.91,True,True,True,False,True,"['MUTUAL_TOPK_HIGH_COSINE', 'MUTUAL_TOPK_ADAPTIVE_WITH_EVIDENCE', 'LEXICAL_NAME_OVERLAP']"
107,108,T2-000108,T2-000109,0.913346,False,True,0.285714,True,0.91,False,True,False,False,True,['MUTUAL_TOPK_ADAPTIVE_WITH_EVIDENCE']
109,110,T2-000110,T2-000111,0.936865,True,True,0.166667,True,0.91,True,True,False,True,True,"['MUTUAL_TOPK_HIGH_COSINE', 'MUTUAL_TOPK_ADAPTIVE_WITH_EVIDENCE', 'ACTION_AND_NAME_EVIDENCE']"
110,111,T2-000111,T2-000112,0.899369,True,True,0.125,False,0.91,False,False,False,True,True,['ACTION_AND_NAME_EVIDENCE']
112,113,T2-000113,T2-000114,0.927009,True,True,0.25,False,0.91,True,False,False,True,True,"['MUTUAL_TOPK_HIGH_COSINE', 'ACTION_AND_NAME_EVIDENCE']"
112,114,T2-000113,T2-000115,0.918176,True,True,0.25,False,0.91,False,False,False,True,True,['ACTION_AND_NAME_EVIDENCE']
112,115,T2-000113,T2-000116,0.91489,True,True,0.222222,False,0.91,False,False,False,True,True,['ACTION_AND_NAME_EVIDENCE']
112,117,T2-000113,T2-000118,0.923437,False,True,0.222222,False,0.91,True,False,False,False,True,['MUTUAL_TOPK_HIGH_COSINE']
112,119,T2-000113,T2-000120,0.926354,False,True,0.25,True,0.91,True,True,False,False,True,"['MUTUAL_TOPK_HIGH_COSINE', 'MUTUAL_TOPK_ADAPTIVE_WITH_EVIDENCE']"
112,120,T2-000113,T2-000121,0.93881,False,True,0.375,True,0.91,True,True,False,False,True,"['MUTUAL_TOPK_HIGH_COSINE', 'MUTUAL_TOPK_ADAPTIVE_WITH_EVIDENCE']"
112,121,T2-000113,T2-000122,0.919339,False,True,0.222222,True,0.91,False,True,False,False,True,['MUTUAL_TOPK_ADAPTIVE_WITH_EVIDENCE']
113,114,T2-000114,T2-000115,0.932114,True,True,0.428571,True,0.91,True,True,True,True,True,"['MUTUAL_TOPK_HIGH_COSINE', 'MUTUAL_TOPK_ADAPTIVE_WITH_EVIDENCE', 'LEXICAL_NAME_OVERLAP', 'ACTION_AND_NAME_EVIDENCE']"
113,115,T2-000114,T2-000116,0.957639,True,True,0.833333,True,0.91,True,True,True,True,True,"['MUTUAL_TOPK_HIGH_COSINE', 'MUTUAL_TOPK_ADAPTIVE_WITH_EVIDENCE', 'LEXICAL_NAME_OVERLAP', 'ACTION_AND_NAME_EVIDENCE']"
113,116,T2-000114,T2-000117,0.930829,False,True,0.428571,True,0.91,True,True,True,False,True,"['MUTUAL_TOPK_HIGH_COSINE', 'MUTUAL_TOPK_ADAPTIVE_WITH_EVIDENCE', 'LEXICAL_NAME_OVERLAP']"
113,117,T2-000114,T2-000118,0.941512,False,True,0.375,True,0.91,True,True,False,False,True,"['MUTUAL_TOPK_HIGH_COSINE', 'MUTUAL_TOPK_ADAPTIVE_WITH_EVIDENCE']"
113,119,T2-000114,T2-000120,0.929317,False,True,0.25,True,0.91,True,True,False,False,True,"['MUTUAL_TOPK_HIGH_COSINE', 'MUTUAL_TOPK_ADAPTIVE_WITH_EVIDENCE']"
114,115,T2-000115,T2-000116,0.935735,True,True,0.375,True,0.91,True,True,False,True,True,"['MUTUAL_TOPK_HIGH_COSINE', 'MUTUAL_TOPK_ADAPTIVE_WITH_EVIDENCE', 'ACTION_AND_NAME_EVIDENCE']"
115,116,T2-000116,T2-000117,0.923642,False,True,0.375,False,0.91,True,False,False,False,True,['MUTUAL_TOPK_HIGH_COSINE']
115,117,T2-000116,T2-000118,0.936033,False,True,0.333333,True,0.91,True,True,False,False,True,"['MUTUAL_TOPK_HIGH_COSINE', 'MUTUAL_TOPK_ADAPTIVE_WITH_EVIDENCE']"
115,119,T2-000116,T2-000120,0.927289,False,True,0.222222,True,0.91,True,True,False,False,True,"['MUTUAL_TOPK_HIGH_COSINE', 'MUTUAL_TOPK_ADAPTIVE_WITH_EVIDENCE']"
116,117,T2-000117,T2-000118,0.93772,False,True,0.375,True,0.91,True,True,False,False,True,"['MUTUAL_TOPK_HIGH_COSINE', 'MUTUAL_TOPK_ADAPTIVE_WITH_EVIDENCE']"
116,119,T2-000117,T2-000120,0.924179,False,True,0.25,False,0.91,True,False,False,False,True,['MUTUAL_TOPK_HIGH_COSINE']
117,118,T2-000118,T2-000119,0.934218,True,True,0.25,False,0.91,True,False,False,True,True,"['MUTUAL_TOPK_HIGH_COSINE', 'ACTION_AND_NAME_EVIDENCE']"
117,119,T2-000118,T2-000120,0.95302,True,True,0.222222,True,0.91,True,True,False,True,True,"['MUTUAL_TOPK_HIGH_COSINE', 'MUTUAL_TOPK_ADAPTIVE_WITH_EVIDENCE', 'ACTION_AND_NAME_EVIDENCE']"
117,120,T2-000118,T2-000121,0.927067,False,True,0.2,False,0.91,True,False,False,False,True,['MUTUAL_TOPK_HIGH_COSINE']
117,121,T2-000118,T2-000122,0.934553,False,True,0.2,False,0.91,True,False,False,False,True,['MUTUAL_TOPK_HIGH_COSINE']
118,119,T2-000119,T2-000120,0.925461,True,True,0.285714,False,0.91,True,False,False,True,True,"['MUTUAL_TOPK_HIGH_COSINE', 'ACTION_AND_NAME_EVIDENCE']"
119,120,T2-000120,T2-000121,0.926204,False,True,0.222222,False,0.91,True,False,False,False,True,['MUTUAL_TOPK_HIGH_COSINE']
119,121,T2-000120,T2-000122,0.924919,False,True,0.222222,False,0.91,True,False,False,False,True,['MUTUAL_TOPK_HIGH_COSINE']
120,121,T2-000121,T2-000122,0.92512,False,True,0.333333,False,0.91,True,False,False,False,True,['MUTUAL_TOPK_HIGH_COSINE']
